                  epoch,         train/box_loss,         train/cls_loss,         train/dfl_loss,   metrics/precision(B),      metrics/recall(B),       metrics/mAP50(B),    metrics/mAP50-95(B),           val/box_loss,           val/cls_loss,           val/dfl_loss,                 lr/pg0,                 lr/pg1,                 lr/pg2
                      0,                 1.6037,                0.89382,                 1.1326,                0.87367,                0.79818,                0.87563,                0.54455,                 1.3557,                 0.6378,                 1.0179,               0.070059,              0.0033268,              0.0033268
                      1,                 1.4273,                 0.6674,                 1.0218,                0.89422,                0.81928,                0.89326,                0.56428,                 1.3317,                0.60766,                 1.0064,                0.03874,              0.0053414,              0.0053414
                      2,                 1.4007,                0.64948,                 1.0083,                 0.8955,                0.82996,                0.90131,                0.56903,                 1.3228,                0.59328,                0.99603,              0.0061012,              0.0060361,              0.0060361
                      3,                 1.3617,                0.62149,                0.99278,                 0.8979,                0.83837,                0.90336,                0.58012,                 1.2999,                0.56366,                0.98891,                0.00406,                0.00406,                0.00406
                      4,                 1.3438,                 0.6065,                0.98658,                0.90505,                0.84394,                0.90905,                0.58725,                 1.2871,                 0.5593,                0.98351,                0.00406,                0.00406,                0.00406
